avg_win,discard_strategy,draw_strategy,elapsed_seconds,knock_strategy,notes,player_number,rounds,seed,sim_id,start_time,var_win,wins
1.8,Discard Highest Useless,Pile if Completes,7.0520770000000015,Knock at 50,TESTING,0.0,10.0,11.0,1.0,2020-06-28 13:53:27,16.166632302368974,4.0
-1.8,Discard Highest Useless,Pile if Completes,7.0520770000000015,Knock at 13,TESTING,1.0,10.0,11.0,1.0,2020-06-28 13:53:27,16.166632302368974,6.0
-6.32,Discard Highest Useless,Pile if Completes,18.18548,Knock at 50,TESTING,0.0,25.0,13.0,2.0,2020-06-28 13:54:00,13.947673641148908,10.0
6.32,Discard Highest Useless,Pile if Completes,18.18548,Knock at 13,TESTING,1.0,25.0,13.0,2.0,2020-06-28 13:54:00,13.947673641148908,15.0
-4.04,Discard Highest Useless,Pile if Completes,85.766441,Do not Knock,TESTING,0.0,25.0,13.0,3.0,2020-06-28 13:55:35,10.978087265093134,10.0
4.04,Discard Highest Useless,Pile if Completes,85.766441,Knock at 13,TESTING,1.0,25.0,13.0,3.0,2020-06-28 13:55:35,10.978087265093134,14.0
-2.32,Discard Highest Useless,No Pile,67.12859399999999,Knock at 13,TESTING,0.0,25.0,13.0,4.0,2020-06-28 14:00:25,13.95054120813956,7.0
2.32,Discard Highest Useless,Pile if Completes,67.12859399999999,Knock at 13,TESTING,1.0,25.0,13.0,4.0,2020-06-28 14:00:25,13.95054120813956,18.0
-3.32,Discard Highest Useless,No Pile,13.119299,Knock at 50,TESTING,0.0,25.0,13.0,5.0,2020-06-28 14:03:58,211.1776,12.0
3.32,Discard Highest Useless,Pile if Completes,13.119299,Knock at 50,TESTING,1.0,25.0,13.0,5.0,2020-06-28 14:03:58,211.1776,13.0
0.4,Discard Highest Useless,No Pile,18.316905,Knock at 13,TESTING,0.0,25.0,13.0,6.0,2020-06-28 14:06:44,258.64,12.0
-0.4,Discard Highest Useless,Pile if Completes,18.316905,Knock at 50,TESTING,1.0,25.0,13.0,6.0,2020-06-28 14:06:44,258.64,11.0
0.0,Discard Highest Useless,Pile if Completes,8.938297,Knock at 0,TESTING,0.0,1.0,0.0,7.0,2020-06-28 14:57:23,0.0,0.0
0.0,Discard Highest Useless,Pile if Completes,8.938297,Knock at 0,TESTING,1.0,1.0,0.0,7.0,2020-06-28 14:57:23,0.0,0.0
-7.0,Discard Highest Useless,Pile if Completes,2.496107,Knock at 0,TESTING,0.0,1.0,1.0,8.0,2020-06-28 14:57:32,0.0,0.0
7.0,Discard Highest Useless,Pile if Completes,2.496107,Knock at 5,TESTING,1.0,1.0,1.0,8.0,2020-06-28 14:57:32,0.0,1.0
,Discard Highest Useless,Pile if Completes,8.502822,Knock at 0,TESTING,0.0,1.0,2.0,9.0,2020-06-28 14:57:35,,0.0
,Discard Highest Useless,Pile if Completes,8.502822,Knock at 10,TESTING,1.0,1.0,2.0,9.0,2020-06-28 14:57:35,,0.0
-6.0,Discard Highest Useless,Pile if Completes,3.3403940000000003,Knock at 0,TESTING,0.0,1.0,3.0,10.0,2020-06-28 14:57:43,0.0,0.0
6.0,Discard Highest Useless,Pile if Completes,3.3403940000000003,Knock at 15,TESTING,1.0,1.0,3.0,10.0,2020-06-28 14:57:43,0.0,1.0
9.0,Discard Highest Useless,Pile if Completes,5.298091,Knock at 0,TESTING,0.0,1.0,4.0,11.0,2020-06-28 14:57:47,0.0,1.0
-9.0,Discard Highest Useless,Pile if Completes,5.298091,Knock at 20,TESTING,1.0,1.0,4.0,11.0,2020-06-28 14:57:47,0.0,0.0
18.0,Discard Highest Useless,Pile if Completes,1.3921709999999998,Knock at 0,TESTING,0.0,1.0,5.0,12.0,2020-06-28 14:57:52,0.0,1.0
-18.0,Discard Highest Useless,Pile if Completes,1.3921709999999998,Knock at 25,TESTING,1.0,1.0,5.0,12.0,2020-06-28 14:57:52,0.0,0.0
13.0,Discard Highest Useless,Pile if Completes,2.8210029999999997,Knock at 0,TESTING,0.0,1.0,6.0,13.0,2020-06-28 14:57:53,0.0,1.0
-13.0,Discard Highest Useless,Pile if Completes,2.8210029999999997,Knock at 30,TESTING,1.0,1.0,6.0,13.0,2020-06-28 14:57:53,0.0,0.0
3.0,Discard Highest Useless,Pile if Completes,1.557984,Knock at 0,TESTING,0.0,1.0,7.0,14.0,2020-06-28 14:57:56,0.0,1.0
-3.0,Discard Highest Useless,Pile if Completes,1.557984,Knock at 35,TESTING,1.0,1.0,7.0,14.0,2020-06-28 14:57:56,0.0,0.0
12.0,Discard Highest Useless,Pile if Completes,0.45689399999999997,Knock at 0,TESTING,0.0,1.0,8.0,15.0,2020-06-28 14:57:58,0.0,1.0
-12.0,Discard Highest Useless,Pile if Completes,0.45689399999999997,Knock at 40,TESTING,1.0,1.0,8.0,15.0,2020-06-28 14:57:58,0.0,0.0
-13.0,Discard Highest Useless,Pile if Completes,0.743871,Knock at 0,TESTING,0.0,1.0,9.0,16.0,2020-06-28 14:57:58,0.0,0.0
13.0,Discard Highest Useless,Pile if Completes,0.743871,Knock at 45,TESTING,1.0,1.0,9.0,16.0,2020-06-28 14:57:58,0.0,1.0
23.0,Discard Highest Useless,Pile if Completes,1.574335,Knock at 0,TESTING,0.0,1.0,10.0,17.0,2020-06-28 14:57:59,0.0,1.0
-23.0,Discard Highest Useless,Pile if Completes,1.574335,Knock at 50,TESTING,1.0,1.0,10.0,17.0,2020-06-28 14:57:59,0.0,0.0
-25.0,Discard Highest Useless,Pile if Completes,0.235209,Knock at 0,TESTING,0.0,1.0,11.0,18.0,2020-06-28 14:58:01,0.0,0.0
25.0,Discard Highest Useless,Pile if Completes,0.235209,Knock at 55,TESTING,1.0,1.0,11.0,18.0,2020-06-28 14:58:01,0.0,1.0
-5.0,Discard Highest Useless,Pile if Completes,0.39376300000000003,Knock at 0,TESTING,0.0,1.0,12.0,19.0,2020-06-28 14:58:01,0.0,0.0
5.0,Discard Highest Useless,Pile if Completes,0.39376300000000003,Knock at 60,TESTING,1.0,1.0,12.0,19.0,2020-06-28 14:58:01,0.0,1.0
0.0,Discard Highest Useless,Pile if Completes,14.101463,Knock at 0,TESTING,0.0,2.0,0.0,20.0,2020-06-28 15:12:36,0.0,0.0
0.0,Discard Highest Useless,Pile if Completes,14.101463,Knock at 0,TESTING,1.0,2.0,0.0,20.0,2020-06-28 15:12:36,0.0,0.0
-3.0,Discard Highest Useless,Pile if Completes,7.988146,Knock at 0,TESTING,0.0,2.0,1.0,21.0,2020-06-28 15:12:51,16.0,1.0
3.0,Discard Highest Useless,Pile if Completes,7.988146,Knock at 5,TESTING,1.0,2.0,1.0,21.0,2020-06-28 15:12:51,16.0,1.0
-8.0,Discard Highest Useless,Pile if Completes,13.292974,Knock at 0,TESTING,0.0,2.0,2.0,22.0,2020-06-28 15:12:59,64.0,0.0
8.0,Discard Highest Useless,Pile if Completes,13.292974,Knock at 10,TESTING,1.0,2.0,2.0,22.0,2020-06-28 15:12:59,64.0,1.0
3.5,Discard Highest Useless,Pile if Completes,5.067019999999999,Knock at 0,TESTING,0.0,2.0,3.0,23.0,2020-06-28 15:13:12,90.25,1.0
-3.5,Discard Highest Useless,Pile if Completes,5.067019999999999,Knock at 15,TESTING,1.0,2.0,3.0,23.0,2020-06-28 15:13:12,90.25,1.0
9.0,Discard Highest Useless,Pile if Completes,8.491000999999999,Knock at 0,TESTING,0.0,2.0,4.0,24.0,2020-06-28 15:13:17,0.0,2.0
-9.0,Discard Highest Useless,Pile if Completes,8.491000999999999,Knock at 20,TESTING,1.0,2.0,4.0,24.0,2020-06-28 15:13:17,0.0,0.0
15.0,Discard Highest Useless,Pile if Completes,2.804569,Knock at 0,TESTING,0.0,2.0,5.0,25.0,2020-06-28 15:13:25,9.0,2.0
-15.0,Discard Highest Useless,Pile if Completes,2.804569,Knock at 25,TESTING,1.0,2.0,5.0,25.0,2020-06-28 15:13:25,9.0,0.0
11.5,Discard Highest Useless,Pile if Completes,4.333491,Knock at 0,TESTING,0.0,2.0,6.0,26.0,2020-06-28 15:13:28,2.25,2.0
-11.5,Discard Highest Useless,Pile if Completes,4.333491,Knock at 30,TESTING,1.0,2.0,6.0,26.0,2020-06-28 15:13:28,2.25,0.0
-6.5,Discard Highest Useless,Pile if Completes,2.178681,Knock at 0,TESTING,0.0,2.0,7.0,27.0,2020-06-28 15:13:33,90.25,1.0
6.5,Discard Highest Useless,Pile if Completes,2.178681,Knock at 35,TESTING,1.0,2.0,7.0,27.0,2020-06-28 15:13:33,90.25,1.0
14.0,Discard Highest Useless,Pile if Completes,2.035009,Knock at 0,TESTING,0.0,2.0,8.0,28.0,2020-06-28 15:13:35,4.0,2.0
-14.0,Discard Highest Useless,Pile if Completes,2.035009,Knock at 40,TESTING,1.0,2.0,8.0,28.0,2020-06-28 15:13:35,4.0,0.0
-7.0,Discard Highest Useless,Pile if Completes,2.987714,Knock at 0,TESTING,0.0,2.0,9.0,29.0,2020-06-28 15:13:37,36.0,0.0
7.0,Discard Highest Useless,Pile if Completes,2.987714,Knock at 45,TESTING,1.0,2.0,9.0,29.0,2020-06-28 15:13:37,36.0,2.0
15.0,Discard Highest Useless,Pile if Completes,3.716567,Knock at 0,TESTING,0.0,2.0,10.0,30.0,2020-06-28 15:13:40,64.0,2.0
-15.0,Discard Highest Useless,Pile if Completes,3.716567,Knock at 50,TESTING,1.0,2.0,10.0,30.0,2020-06-28 15:13:40,64.0,0.0
-15.0,Discard Highest Useless,Pile if Completes,1.155122,Knock at 0,TESTING,0.0,2.0,11.0,31.0,2020-06-28 15:13:44,100.0,0.0
15.0,Discard Highest Useless,Pile if Completes,1.155122,Knock at 55,TESTING,1.0,2.0,11.0,31.0,2020-06-28 15:13:44,100.0,2.0
16.5,Discard Highest Useless,Pile if Completes,0.775796,Knock at 0,TESTING,0.0,2.0,12.0,32.0,2020-06-28 15:13:45,462.25,1.0
-16.5,Discard Highest Useless,Pile if Completes,0.775796,Knock at 60,TESTING,1.0,2.0,12.0,32.0,2020-06-28 15:13:45,462.25,1.0
-0.59,Discard Highest Useless,Pile if Completes,665.674302,Knock at 0,Looking for best strategy against an opponent who knocks only at 0,0.0,100.0,0.0,33.0,2020-06-28 15:21:39,74.0619,35.0
0.59,Discard Highest Useless,Pile if Completes,665.674302,Knock at 0,Looking for best strategy against an opponent who knocks only at 0,1.0,100.0,0.0,33.0,2020-06-28 15:21:39,74.0619,45.0
-0.62,Discard Highest Useless,Pile if Completes,489.971976,Knock at 0,Looking for best strategy against an opponent who knocks only at 0,0.0,100.0,1.0,34.0,2020-06-28 15:32:45,97.9756,43.0
0.62,Discard Highest Useless,Pile if Completes,489.971976,Knock at 5,Looking for best strategy against an opponent who knocks only at 0,1.0,100.0,1.0,34.0,2020-06-28 15:32:45,97.9756,54.0
-2.56,Discard Highest Useless,Pile if Completes,377.06119,Knock at 0,Looking for best strategy against an opponent who knocks only at 0,0.0,100.0,2.0,35.0,2020-06-28 15:40:55,114.60639999999998,34.0
2.56,Discard Highest Useless,Pile if Completes,377.06119,Knock at 10,Looking for best strategy against an opponent who knocks only at 0,1.0,100.0,2.0,35.0,2020-06-28 15:40:55,114.60639999999998,61.0
-3.31,Discard Highest Useless,Pile if Completes,295.712303,Knock at 0,Looking for best strategy against an opponent who knocks only at 0,0.0,100.0,3.0,36.0,2020-06-28 15:47:12,140.83389999999997,40.0
3.31,Discard Highest Useless,Pile if Completes,295.712303,Knock at 15,Looking for best strategy against an opponent who knocks only at 0,1.0,100.0,3.0,36.0,2020-06-28 15:47:12,140.83389999999997,56.0
-2.12,Discard Highest Useless,Pile if Completes,255.138871,Knock at 0,Looking for best strategy against an opponent who knocks only at 0,0.0,100.0,4.0,37.0,2020-06-28 15:52:08,196.1056,51.0
2.12,Discard Highest Useless,Pile if Completes,255.138871,Knock at 20,Looking for best strategy against an opponent who knocks only at 0,1.0,100.0,4.0,37.0,2020-06-28 15:52:08,196.1056,48.0
-1.79,Discard Highest Useless,Pile if Completes,242.737432,Knock at 0,Looking for best strategy against an opponent who knocks only at 0,0.0,100.0,5.0,38.0,2020-06-28 15:56:23,259.7459,53.0
1.79,Discard Highest Useless,Pile if Completes,242.737432,Knock at 25,Looking for best strategy against an opponent who knocks only at 0,1.0,100.0,5.0,38.0,2020-06-28 15:56:23,259.7459,43.0
1.58,Discard Highest Useless,Pile if Completes,207.738952,Knock at 0,Looking for best strategy against an opponent who knocks only at 0,0.0,100.0,6.0,39.0,2020-06-28 16:00:25,182.3636,59.0
-1.58,Discard Highest Useless,Pile if Completes,207.738952,Knock at 30,Looking for best strategy against an opponent who knocks only at 0,1.0,100.0,6.0,39.0,2020-06-28 16:00:25,182.3636,39.0
-0.88,Discard Highest Useless,Pile if Completes,115.661828,Knock at 0,Looking for best strategy against an opponent who knocks only at 0,0.0,100.0,7.0,40.0,2020-06-28 16:03:53,278.8056,51.0
0.88,Discard Highest Useless,Pile if Completes,115.661828,Knock at 35,Looking for best strategy against an opponent who knocks only at 0,1.0,100.0,7.0,40.0,2020-06-28 16:03:53,278.8056,46.0
1.92,Discard Highest Useless,Pile if Completes,110.75353100000001,Knock at 0,Looking for best strategy against an opponent who knocks only at 0,0.0,100.0,8.0,41.0,2020-06-28 16:05:49,289.31359999999995,58.0
-1.92,Discard Highest Useless,Pile if Completes,110.75353100000001,Knock at 40,Looking for best strategy against an opponent who knocks only at 0,1.0,100.0,8.0,41.0,2020-06-28 16:05:49,289.31359999999995,39.0
4.23,Discard Highest Useless,Pile if Completes,85.28135400000002,Knock at 0,Looking for best strategy against an opponent who knocks only at 0,0.0,100.0,9.0,42.0,2020-06-28 16:07:40,261.0171,58.0
-4.23,Discard Highest Useless,Pile if Completes,85.28135400000002,Knock at 45,Looking for best strategy against an opponent who knocks only at 0,1.0,100.0,9.0,42.0,2020-06-28 16:07:40,261.0171,37.0
0.61,Discard Highest Useless,Pile if Completes,73.063078,Knock at 0,Looking for best strategy against an opponent who knocks only at 0,0.0,100.0,10.0,43.0,2020-06-28 16:09:05,321.9379,49.0
-0.61,Discard Highest Useless,Pile if Completes,73.063078,Knock at 50,Looking for best strategy against an opponent who knocks only at 0,1.0,100.0,10.0,43.0,2020-06-28 16:09:05,321.9379,48.0
4.94,Discard Highest Useless,Pile if Completes,54.118508,Knock at 0,Looking for best strategy against an opponent who knocks only at 0,0.0,100.0,11.0,44.0,2020-06-28 16:10:18,310.3164000000001,59.0
-4.94,Discard Highest Useless,Pile if Completes,54.118508,Knock at 55,Looking for best strategy against an opponent who knocks only at 0,1.0,100.0,11.0,44.0,2020-06-28 16:10:18,310.3164000000001,39.0
6.91,Discard Highest Useless,Pile if Completes,45.401332000000004,Knock at 0,Looking for best strategy against an opponent who knocks only at 0,0.0,100.0,12.0,45.0,2020-06-28 16:11:12,307.9219,61.0
-6.91,Discard Highest Useless,Pile if Completes,45.401332000000004,Knock at 60,Looking for best strategy against an opponent who knocks only at 0,1.0,100.0,12.0,45.0,2020-06-28 16:11:12,307.9219,39.0
0.0,Discard Highest Non-Near Runs and Sets,Half Length Near Runs and Sets Draw From Pile,10.628563,Knock at 0,TESTING DAN RUN,0.0,1.0,1000.0,46.0,2020-06-28 20:27:01,0.0,0.0
0.0,Discard Highest Non-Near Runs and Sets,Half Length Near Runs and Sets Draw From Pile,10.628563,Knock at 0,TESTING DAN RUN,1.0,1.0,1000.0,46.0,2020-06-28 20:27:01,0.0,0.0
-4.0,Discard Highest Non-Near Runs and Sets,Half Length Near Runs and Sets Draw From Pile,9.194398,Knock at 0,TESTING DAN RUN,0.0,1.0,1001.0,47.0,2020-06-28 20:27:12,0.0,0.0
4.0,Discard Highest Non-Near Runs and Sets,Half Length Near Runs and Sets Draw From Pile,9.194398,Knock at 5,TESTING DAN RUN,1.0,1.0,1001.0,47.0,2020-06-28 20:27:12,0.0,1.0
-47.0,Discard Highest Non-Near Runs and Sets,Half Length Near Runs and Sets Draw From Pile,1.591721,Knock at 0,TESTING DAN RUN,0.0,1.0,1002.0,48.0,2020-06-28 20:27:21,0.0,0.0
47.0,Discard Highest Non-Near Runs and Sets,Half Length Near Runs and Sets Draw From Pile,1.591721,Knock at 10,TESTING DAN RUN,1.0,1.0,1002.0,48.0,2020-06-28 20:27:21,0.0,1.0
17.0,Discard Highest Non-Near Runs and Sets,Half Length Near Runs and Sets Draw From Pile,2.221089,Knock at 0,TESTING DAN RUN,0.0,1.0,1003.0,49.0,2020-06-28 20:27:23,0.0,1.0
-17.0,Discard Highest Non-Near Runs and Sets,Half Length Near Runs and Sets Draw From Pile,2.221089,Knock at 15,TESTING DAN RUN,1.0,1.0,1003.0,49.0,2020-06-28 20:27:23,0.0,0.0
-21.0,Discard Highest Non-Near Runs and Sets,Half Length Near Runs and Sets Draw From Pile,0.343082,Knock at 0,TESTING DAN RUN,0.0,1.0,1004.0,50.0,2020-06-28 20:27:25,0.0,0.0
21.0,Discard Highest Non-Near Runs and Sets,Half Length Near Runs and Sets Draw From Pile,0.343082,Knock at 20,TESTING DAN RUN,1.0,1.0,1004.0,50.0,2020-06-28 20:27:25,0.0,1.0
-15.0,Discard Highest Non-Near Runs and Sets,Half Length Near Runs and Sets Draw From Pile,1.4022940000000002,Knock at 0,TESTING DAN RUN,0.0,1.0,1005.0,51.0,2020-06-28 20:27:26,0.0,0.0
15.0,Discard Highest Non-Near Runs and Sets,Half Length Near Runs and Sets Draw From Pile,1.4022940000000002,Knock at 25,TESTING DAN RUN,1.0,1.0,1005.0,51.0,2020-06-28 20:27:26,0.0,1.0
-47.0,Discard Highest Non-Near Runs and Sets,Half Length Near Runs and Sets Draw From Pile,5.2001339999999985,Knock at 0,TESTING DAN RUN,0.0,1.0,1006.0,52.0,2020-06-28 20:27:27,0.0,0.0
47.0,Discard Highest Non-Near Runs and Sets,Half Length Near Runs and Sets Draw From Pile,5.2001339999999985,Knock at 30,TESTING DAN RUN,1.0,1.0,1006.0,52.0,2020-06-28 20:27:27,0.0,1.0
-27.0,Discard Highest Non-Near Runs and Sets,Half Length Near Runs and Sets Draw From Pile,4.7592669999999995,Knock at 0,TESTING DAN RUN,0.0,1.0,1007.0,53.0,2020-06-28 20:27:32,0.0,0.0
27.0,Discard Highest Non-Near Runs and Sets,Half Length Near Runs and Sets Draw From Pile,4.7592669999999995,Knock at 35,TESTING DAN RUN,1.0,1.0,1007.0,53.0,2020-06-28 20:27:32,0.0,1.0
19.0,Discard Highest Non-Near Runs and Sets,Half Length Near Runs and Sets Draw From Pile,1.027253,Knock at 0,TESTING DAN RUN,0.0,1.0,1008.0,54.0,2020-06-28 20:27:37,0.0,1.0
-19.0,Discard Highest Non-Near Runs and Sets,Half Length Near Runs and Sets Draw From Pile,1.027253,Knock at 40,TESTING DAN RUN,1.0,1.0,1008.0,54.0,2020-06-28 20:27:37,0.0,0.0
-22.0,Discard Highest Non-Near Runs and Sets,Half Length Near Runs and Sets Draw From Pile,0.226394,Knock at 0,TESTING DAN RUN,0.0,1.0,1009.0,55.0,2020-06-28 20:27:38,0.0,0.0
22.0,Discard Highest Non-Near Runs and Sets,Half Length Near Runs and Sets Draw From Pile,0.226394,Knock at 45,TESTING DAN RUN,1.0,1.0,1009.0,55.0,2020-06-28 20:27:38,0.0,1.0
42.0,Discard Highest Non-Near Runs and Sets,Half Length Near Runs and Sets Draw From Pile,0.421872,Knock at 0,TESTING DAN RUN,0.0,1.0,1010.0,56.0,2020-06-28 20:27:38,0.0,1.0
-42.0,Discard Highest Non-Near Runs and Sets,Half Length Near Runs and Sets Draw From Pile,0.421872,Knock at 50,TESTING DAN RUN,1.0,1.0,1010.0,56.0,2020-06-28 20:27:38,0.0,0.0
-13.0,Discard Highest Non-Near Runs and Sets,Half Length Near Runs and Sets Draw From Pile,1.007306,Knock at 0,TESTING DAN RUN,0.0,1.0,1011.0,57.0,2020-06-28 20:27:39,0.0,0.0
13.0,Discard Highest Non-Near Runs and Sets,Half Length Near Runs and Sets Draw From Pile,1.007306,Knock at 55,TESTING DAN RUN,1.0,1.0,1011.0,57.0,2020-06-28 20:27:39,0.0,1.0
20.0,Discard Highest Non-Near Runs and Sets,Half Length Near Runs and Sets Draw From Pile,0.301194,Knock at 0,TESTING DAN RUN,0.0,1.0,1012.0,58.0,2020-06-28 20:27:40,0.0,1.0
-20.0,Discard Highest Non-Near Runs and Sets,Half Length Near Runs and Sets Draw From Pile,0.301194,Knock at 60,TESTING DAN RUN,1.0,1.0,1012.0,58.0,2020-06-28 20:27:40,0.0,0.0
-1.0,Discard Highest Non-Near Runs and Sets,Half Length Near Runs and Sets Draw From Pile,958.280381,Knock at 0,"Finding best strategy against an opponent that never knocks (unless perfect score), with 'near run/sets' drawing and discarding strategies",0.0,100.0,1000.0,59.0,2020-06-28 20:36:22,359.13999999999993,43.0
1.0,Discard Highest Non-Near Runs and Sets,Half Length Near Runs and Sets Draw From Pile,958.280381,Knock at 0,"Finding best strategy against an opponent that never knocks (unless perfect score), with 'near run/sets' drawing and discarding strategies",1.0,100.0,1000.0,59.0,2020-06-28 20:36:22,359.13999999999993,53.0
-2.92,Discard Highest Non-Near Runs and Sets,Half Length Near Runs and Sets Draw From Pile,932.72549,Knock at 0,"Finding best strategy against an opponent that never knocks (unless perfect score), with 'near run/sets' drawing and discarding strategies",0.0,100.0,1001.0,60.0,2020-06-28 20:52:20,340.9736000000001,35.0
2.92,Discard Highest Non-Near Runs and Sets,Half Length Near Runs and Sets Draw From Pile,932.72549,Knock at 5,"Finding best strategy against an opponent that never knocks (unless perfect score), with 'near run/sets' drawing and discarding strategies",1.0,100.0,1001.0,60.0,2020-06-28 20:52:20,340.9736000000001,62.0
-5.3,Discard Highest Non-Near Runs and Sets,Half Length Near Runs and Sets Draw From Pile,768.334575,Knock at 0,"Finding best strategy against an opponent that never knocks (unless perfect score), with 'near run/sets' drawing and discarding strategies",0.0,100.0,1000.0,61.0,2020-06-28 21:29:26,505.79,39.0
5.3,Discard Highest Non-Near Runs and Sets,Half Length Near Runs and Sets Draw From Pile,768.334575,Knock at 10,"Finding best strategy against an opponent that never knocks (unless perfect score), with 'near run/sets' drawing and discarding strategies",1.0,100.0,1000.0,61.0,2020-06-28 21:29:26,505.79,57.0
-13.28,Discard Highest Non-Near Runs and Sets,Half Length Near Runs and Sets Draw From Pile,696.1962589999997,Knock at 0,"Finding best strategy against an opponent that never knocks (unless perfect score), with 'near run/sets' drawing and discarding strategies",0.0,100.0,1001.0,62.0,2020-06-28 21:42:14,444.2616,26.0
13.28,Discard Highest Non-Near Runs and Sets,Half Length Near Runs and Sets Draw From Pile,696.1962589999997,Knock at 15,"Finding best strategy against an opponent that never knocks (unless perfect score), with 'near run/sets' drawing and discarding strategies",1.0,100.0,1001.0,62.0,2020-06-28 21:42:14,444.2616,68.0
-10.97,Discard Highest Non-Near Runs and Sets,Half Length Near Runs and Sets Draw From Pile,500.92285499999997,Knock at 0,"Finding best strategy against an opponent that never knocks (unless perfect score), with 'near run/sets' drawing and discarding strategies",0.0,100.0,1002.0,63.0,2020-06-28 21:53:51,436.3291,31.0
10.97,Discard Highest Non-Near Runs and Sets,Half Length Near Runs and Sets Draw From Pile,500.92285499999997,Knock at 20,"Finding best strategy against an opponent that never knocks (unless perfect score), with 'near run/sets' drawing and discarding strategies",1.0,100.0,1002.0,63.0,2020-06-28 21:53:51,436.3291,68.0
-10.65,Discard Highest Non-Near Runs and Sets,Half Length Near Runs and Sets Draw From Pile,384.867641,Knock at 0,"Finding best strategy against an opponent that never knocks (unless perfect score), with 'near run/sets' drawing and discarding strategies",0.0,100.0,1003.0,64.0,2020-06-28 22:02:12,497.7675,30.0
10.65,Discard Highest Non-Near Runs and Sets,Half Length Near Runs and Sets Draw From Pile,384.867641,Knock at 25,"Finding best strategy against an opponent that never knocks (unless perfect score), with 'near run/sets' drawing and discarding strategies",1.0,100.0,1003.0,64.0,2020-06-28 22:02:12,497.7675,68.0
-11.11,Discard Highest Non-Near Runs and Sets,Half Length Near Runs and Sets Draw From Pile,331.947825,Knock at 0,"Finding best strategy against an opponent that never knocks (unless perfect score), with 'near run/sets' drawing and discarding strategies",0.0,100.0,1004.0,65.0,2020-06-28 22:08:37,383.6379,28.0
11.11,Discard Highest Non-Near Runs and Sets,Half Length Near Runs and Sets Draw From Pile,331.947825,Knock at 30,"Finding best strategy against an opponent that never knocks (unless perfect score), with 'near run/sets' drawing and discarding strategies",1.0,100.0,1004.0,65.0,2020-06-28 22:08:37,383.6379,70.0
-10.5,Discard Highest Non-Near Runs and Sets,Half Length Near Runs and Sets Draw From Pile,176.652428,Knock at 0,"Finding best strategy against an opponent that never knocks (unless perfect score), with 'near run/sets' drawing and discarding strategies",0.0,100.0,1005.0,66.0,2020-06-28 22:14:09,339.73,26.0
10.5,Discard Highest Non-Near Runs and Sets,Half Length Near Runs and Sets Draw From Pile,176.652428,Knock at 35,"Finding best strategy against an opponent that never knocks (unless perfect score), with 'near run/sets' drawing and discarding strategies",1.0,100.0,1005.0,66.0,2020-06-28 22:14:09,339.73,73.0
-7.72,Discard Highest Non-Near Runs and Sets,Half Length Near Runs and Sets Draw From Pile,159.771478,Knock at 0,"Finding best strategy against an opponent that never knocks (unless perfect score), with 'near run/sets' drawing and discarding strategies",0.0,100.0,1006.0,67.0,2020-06-28 22:17:05,284.4816,27.0
7.72,Discard Highest Non-Near Runs and Sets,Half Length Near Runs and Sets Draw From Pile,159.771478,Knock at 40,"Finding best strategy against an opponent that never knocks (unless perfect score), with 'near run/sets' drawing and discarding strategies",1.0,100.0,1006.0,67.0,2020-06-28 22:17:05,284.4816,72.0
-3.95,Discard Highest Non-Near Runs and Sets,Half Length Near Runs and Sets Draw From Pile,118.411262,Knock at 0,"Finding best strategy against an opponent that never knocks (unless perfect score), with 'near run/sets' drawing and discarding strategies",0.0,100.0,1007.0,68.0,2020-06-28 22:19:45,378.90749999999986,37.0
3.95,Discard Highest Non-Near Runs and Sets,Half Length Near Runs and Sets Draw From Pile,118.411262,Knock at 45,"Finding best strategy against an opponent that never knocks (unless perfect score), with 'near run/sets' drawing and discarding strategies",1.0,100.0,1007.0,68.0,2020-06-28 22:19:45,378.90749999999986,62.0
1.52,Discard Highest Non-Near Runs and Sets,Half Length Near Runs and Sets Draw From Pile,89.68111,Knock at 0,"Finding best strategy against an opponent that never knocks (unless perfect score), with 'near run/sets' drawing and discarding strategies",0.0,100.0,1008.0,69.0,2020-06-28 22:21:43,285.06959999999987,58.0
-1.52,Discard Highest Non-Near Runs and Sets,Half Length Near Runs and Sets Draw From Pile,89.68111,Knock at 50,"Finding best strategy against an opponent that never knocks (unless perfect score), with 'near run/sets' drawing and discarding strategies",1.0,100.0,1008.0,69.0,2020-06-28 22:21:43,285.06959999999987,41.0
0.18,Discard Highest Non-Near Runs and Sets,Half Length Near Runs and Sets Draw From Pile,86.672136,Knock at 0,"Finding best strategy against an opponent that never knocks (unless perfect score), with 'near run/sets' drawing and discarding strategies",0.0,100.0,1009.0,70.0,2020-06-28 22:23:13,339.9676,52.0
-0.18,Discard Highest Non-Near Runs and Sets,Half Length Near Runs and Sets Draw From Pile,86.672136,Knock at 55,"Finding best strategy against an opponent that never knocks (unless perfect score), with 'near run/sets' drawing and discarding strategies",1.0,100.0,1009.0,70.0,2020-06-28 22:23:13,339.9676,47.0
1.74,Discard Highest Non-Near Runs and Sets,Half Length Near Runs and Sets Draw From Pile,51.201963,Knock at 0,"Finding best strategy against an opponent that never knocks (unless perfect score), with 'near run/sets' drawing and discarding strategies",0.0,100.0,1010.0,71.0,2020-06-28 22:24:40,404.8724,56.0
-1.74,Discard Highest Non-Near Runs and Sets,Half Length Near Runs and Sets Draw From Pile,51.201963,Knock at 60,"Finding best strategy against an opponent that never knocks (unless perfect score), with 'near run/sets' drawing and discarding strategies",1.0,100.0,1010.0,71.0,2020-06-28 22:24:40,404.8724,43.0
10.32,Discard Highest Useless,Pile if Completes,724.97712,Knock at 0,Testing the more conservative pile and discard strategy vs the more aggressive near runs/sets pile and discard strategy. Knock values will be same for both players,0.0,100.0,10000.0,72.0,2020-06-28 23:34:19,492.4176,55.0
-10.32,Discard Highest Non-Near Runs and Sets,Half Length Near Runs and Sets Draw From Pile,724.97712,Knock at 0,Testing the more conservative pile and discard strategy vs the more aggressive near runs/sets pile and discard strategy. Knock values will be same for both players,1.0,100.0,10000.0,72.0,2020-06-28 23:34:19,492.4176,39.0
16.78,Discard Highest Useless,Pile if Completes,603.434532,Knock at 5,Testing the more conservative pile and discard strategy vs the more aggressive near runs/sets pile and discard strategy. Knock values will be same for both players,0.0,100.0,10001.0,73.0,2020-06-28 23:46:24,408.55159999999984,72.0
-16.78,Discard Highest Non-Near Runs and Sets,Half Length Near Runs and Sets Draw From Pile,603.434532,Knock at 5,Testing the more conservative pile and discard strategy vs the more aggressive near runs/sets pile and discard strategy. Knock values will be same for both players,1.0,100.0,10001.0,73.0,2020-06-28 23:46:24,408.55159999999984,23.0
22.41,Discard Highest Useless,Pile if Completes,356.403518,Knock at 10,Testing the more conservative pile and discard strategy vs the more aggressive near runs/sets pile and discard strategy. Knock values will be same for both players,0.0,100.0,10002.0,74.0,2020-06-28 23:56:28,507.72189999999983,85.0
-22.41,Discard Highest Non-Near Runs and Sets,Half Length Near Runs and Sets Draw From Pile,356.403518,Knock at 10,Testing the more conservative pile and discard strategy vs the more aggressive near runs/sets pile and discard strategy. Knock values will be same for both players,1.0,100.0,10002.0,74.0,2020-06-28 23:56:28,507.72189999999983,14.0
15.93,Discard Highest Useless,Pile if Completes,250.174756,Knock at 15,Testing the more conservative pile and discard strategy vs the more aggressive near runs/sets pile and discard strategy. Knock values will be same for both players,0.0,100.0,10003.0,75.0,2020-06-29 00:02:24,502.1651,77.0
-15.93,Discard Highest Non-Near Runs and Sets,Half Length Near Runs and Sets Draw From Pile,250.174756,Knock at 15,Testing the more conservative pile and discard strategy vs the more aggressive near runs/sets pile and discard strategy. Knock values will be same for both players,1.0,100.0,10003.0,75.0,2020-06-29 00:02:24,502.1651,23.0
21.09,Discard Highest Useless,Pile if Completes,199.886196,Knock at 20,Testing the more conservative pile and discard strategy vs the more aggressive near runs/sets pile and discard strategy. Knock values will be same for both players,0.0,100.0,10004.0,76.0,2020-06-29 00:06:34,482.4419,82.0
-21.09,Discard Highest Non-Near Runs and Sets,Half Length Near Runs and Sets Draw From Pile,199.886196,Knock at 20,Testing the more conservative pile and discard strategy vs the more aggressive near runs/sets pile and discard strategy. Knock values will be same for both players,1.0,100.0,10004.0,76.0,2020-06-29 00:06:34,482.4419,18.0
12.96,Discard Highest Useless,Pile if Completes,166.80268700000005,Knock at 25,Testing the more conservative pile and discard strategy vs the more aggressive near runs/sets pile and discard strategy. Knock values will be same for both players,0.0,100.0,10005.0,77.0,2020-06-29 00:09:54,508.7184,71.0
-12.96,Discard Highest Non-Near Runs and Sets,Half Length Near Runs and Sets Draw From Pile,166.80268700000005,Knock at 25,Testing the more conservative pile and discard strategy vs the more aggressive near runs/sets pile and discard strategy. Knock values will be same for both players,1.0,100.0,10005.0,77.0,2020-06-29 00:09:54,508.7184,28.0
13.17,Discard Highest Useless,Pile if Completes,122.653764,Knock at 30,Testing the more conservative pile and discard strategy vs the more aggressive near runs/sets pile and discard strategy. Knock values will be same for both players,0.0,100.0,10006.0,78.0,2020-06-29 00:12:41,554.6611,77.0
-13.17,Discard Highest Non-Near Runs and Sets,Half Length Near Runs and Sets Draw From Pile,122.653764,Knock at 30,Testing the more conservative pile and discard strategy vs the more aggressive near runs/sets pile and discard strategy. Knock values will be same for both players,1.0,100.0,10006.0,78.0,2020-06-29 00:12:41,554.6611,23.0
9.61,Discard Highest Useless,Pile if Completes,88.213996,Knock at 35,Testing the more conservative pile and discard strategy vs the more aggressive near runs/sets pile and discard strategy. Knock values will be same for both players,0.0,100.0,10007.0,79.0,2020-06-29 00:14:44,349.7579,69.0
-9.61,Discard Highest Non-Near Runs and Sets,Half Length Near Runs and Sets Draw From Pile,88.213996,Knock at 35,Testing the more conservative pile and discard strategy vs the more aggressive near runs/sets pile and discard strategy. Knock values will be same for both players,1.0,100.0,10007.0,79.0,2020-06-29 00:14:44,349.7579,31.0
7.83,Discard Highest Useless,Pile if Completes,67.797586,Knock at 40,Testing the more conservative pile and discard strategy vs the more aggressive near runs/sets pile and discard strategy. Knock values will be same for both players,0.0,100.0,10008.0,80.0,2020-06-29 00:16:12,352.50109999999995,65.0
-7.83,Discard Highest Non-Near Runs and Sets,Half Length Near Runs and Sets Draw From Pile,67.797586,Knock at 40,Testing the more conservative pile and discard strategy vs the more aggressive near runs/sets pile and discard strategy. Knock values will be same for both players,1.0,100.0,10008.0,80.0,2020-06-29 00:16:12,352.50109999999995,32.0
0.71,Discard Highest Useless,Pile if Completes,57.782401,Knock at 45,Testing the more conservative pile and discard strategy vs the more aggressive near runs/sets pile and discard strategy. Knock values will be same for both players,0.0,100.0,10009.0,81.0,2020-06-29 00:17:20,262.1059,52.0
-0.71,Discard Highest Non-Near Runs and Sets,Half Length Near Runs and Sets Draw From Pile,57.782401,Knock at 45,Testing the more conservative pile and discard strategy vs the more aggressive near runs/sets pile and discard strategy. Knock values will be same for both players,1.0,100.0,10009.0,81.0,2020-06-29 00:17:20,262.1059,46.0
-1.64,Discard Highest Useless,Pile if Completes,45.68175,Knock at 50,Testing the more conservative pile and discard strategy vs the more aggressive near runs/sets pile and discard strategy. Knock values will be same for both players,0.0,100.0,10010.0,82.0,2020-06-29 00:18:17,291.3104,46.0
1.64,Discard Highest Non-Near Runs and Sets,Half Length Near Runs and Sets Draw From Pile,45.68175,Knock at 50,Testing the more conservative pile and discard strategy vs the more aggressive near runs/sets pile and discard strategy. Knock values will be same for both players,1.0,100.0,10010.0,82.0,2020-06-29 00:18:17,291.3104,48.0
5.19,Discard Highest Useless,Pile if Completes,41.929772,Knock at 55,Testing the more conservative pile and discard strategy vs the more aggressive near runs/sets pile and discard strategy. Knock values will be same for both players,0.0,100.0,10011.0,83.0,2020-06-29 00:19:03,287.61390000000006,60.0
-5.19,Discard Highest Non-Near Runs and Sets,Half Length Near Runs and Sets Draw From Pile,41.929772,Knock at 55,Testing the more conservative pile and discard strategy vs the more aggressive near runs/sets pile and discard strategy. Knock values will be same for both players,1.0,100.0,10011.0,83.0,2020-06-29 00:19:03,287.61390000000006,39.0
-1.22,Discard Highest Useless,Pile if Completes,45.791525,Knock at 60,Testing the more conservative pile and discard strategy vs the more aggressive near runs/sets pile and discard strategy. Knock values will be same for both players,0.0,100.0,10012.0,84.0,2020-06-29 00:19:45,284.0316,45.0
1.22,Discard Highest Non-Near Runs and Sets,Half Length Near Runs and Sets Draw From Pile,45.791525,Knock at 60,Testing the more conservative pile and discard strategy vs the more aggressive near runs/sets pile and discard strategy. Knock values will be same for both players,1.0,100.0,10012.0,84.0,2020-06-29 00:19:45,284.0316,53.0
0.83,Discard Highest Useless,Pile if Completes,313.018631,Knock at 5,Completing the grid search on constant knock strategies.,0.0,100.0,1313.0,85.0,2020-06-29 17:44:17,160.1811,48.0
-0.83,Discard Highest Useless,Pile if Completes,313.018631,Knock at 5,Completing the grid search on constant knock strategies.,1.0,100.0,1313.0,85.0,2020-06-29 17:44:17,160.1811,42.0
0.53,Discard Highest Useless,Pile if Completes,285.743138,Knock at 5,Completing the grid search on constant knock strategies.,0.0,100.0,1313.0,86.0,2020-06-29 17:49:30,170.56910000000005,51.0
-0.53,Discard Highest Useless,Pile if Completes,285.743138,Knock at 10,Completing the grid search on constant knock strategies.,1.0,100.0,1313.0,86.0,2020-06-29 17:49:30,170.56910000000005,46.0
-0.81,Discard Highest Useless,Pile if Completes,231.472837,Knock at 5,Completing the grid search on constant knock strategies.,0.0,100.0,1313.0,87.0,2020-06-29 17:54:16,190.33390000000003,48.0
0.81,Discard Highest Useless,Pile if Completes,231.472837,Knock at 15,Completing the grid search on constant knock strategies.,1.0,100.0,1313.0,87.0,2020-06-29 17:54:16,190.33390000000003,47.0
0.71,Discard Highest Useless,Pile if Completes,212.049984,Knock at 5,Completing the grid search on constant knock strategies.,0.0,100.0,1313.0,88.0,2020-06-29 17:58:07,215.3459,60.0
-0.71,Discard Highest Useless,Pile if Completes,212.049984,Knock at 20,Completing the grid search on constant knock strategies.,1.0,100.0,1313.0,88.0,2020-06-29 17:58:07,215.3459,39.0
1.59,Discard Highest Useless,Pile if Completes,179.87192199999996,Knock at 5,Completing the grid search on constant knock strategies.,0.0,100.0,1313.0,89.0,2020-06-29 18:01:40,211.1219,56.0
-1.59,Discard Highest Useless,Pile if Completes,179.87192199999996,Knock at 25,Completing the grid search on constant knock strategies.,1.0,100.0,1313.0,89.0,2020-06-29 18:01:40,211.1219,41.0
2.63,Discard Highest Useless,Pile if Completes,158.13416,Knock at 5,Completing the grid search on constant knock strategies.,0.0,100.0,1313.0,90.0,2020-06-29 18:04:39,262.73310000000004,60.0
-2.63,Discard Highest Useless,Pile if Completes,158.13416,Knock at 30,Completing the grid search on constant knock strategies.,1.0,100.0,1313.0,90.0,2020-06-29 18:04:39,262.73310000000004,39.0
3.72,Discard Highest Useless,Pile if Completes,130.760639,Knock at 5,Completing the grid search on constant knock strategies.,0.0,100.0,1313.0,91.0,2020-06-29 18:07:18,293.1216,59.0
-3.72,Discard Highest Useless,Pile if Completes,130.760639,Knock at 35,Completing the grid search on constant knock strategies.,1.0,100.0,1313.0,91.0,2020-06-29 18:07:18,293.1216,39.0
4.8,Discard Highest Useless,Pile if Completes,104.372032,Knock at 5,Completing the grid search on constant knock strategies.,0.0,100.0,1313.0,92.0,2020-06-29 18:09:28,317.5800000000001,59.0
-4.8,Discard Highest Useless,Pile if Completes,104.372032,Knock at 40,Completing the grid search on constant knock strategies.,1.0,100.0,1313.0,92.0,2020-06-29 18:09:28,317.5800000000001,40.0
3.68,Discard Highest Useless,Pile if Completes,90.470733,Knock at 5,Completing the grid search on constant knock strategies.,0.0,100.0,1313.0,93.0,2020-06-29 18:11:13,323.0776,55.0
-3.68,Discard Highest Useless,Pile if Completes,90.470733,Knock at 45,Completing the grid search on constant knock strategies.,1.0,100.0,1313.0,93.0,2020-06-29 18:11:13,323.0776,44.0
7.09,Discard Highest Useless,Pile if Completes,67.35468,Knock at 5,Completing the grid search on constant knock strategies.,0.0,100.0,1313.0,94.0,2020-06-29 18:12:43,372.26190000000014,62.0
-7.09,Discard Highest Useless,Pile if Completes,67.35468,Knock at 50,Completing the grid search on constant knock strategies.,1.0,100.0,1313.0,94.0,2020-06-29 18:12:43,372.26190000000014,37.0
8.91,Discard Highest Useless,Pile if Completes,60.999388,Knock at 5,Completing the grid search on constant knock strategies.,0.0,100.0,1313.0,95.0,2020-06-29 18:13:51,413.9419,66.0
-8.91,Discard Highest Useless,Pile if Completes,60.999388,Knock at 55,Completing the grid search on constant knock strategies.,1.0,100.0,1313.0,95.0,2020-06-29 18:13:51,413.9419,33.0
7.93,Discard Highest Useless,Pile if Completes,45.479998,Knock at 5,Completing the grid search on constant knock strategies.,0.0,100.0,1313.0,96.0,2020-06-29 18:14:52,401.9850999999999,63.0
-7.93,Discard Highest Useless,Pile if Completes,45.479998,Knock at 60,Completing the grid search on constant knock strategies.,1.0,100.0,1313.0,96.0,2020-06-29 18:14:52,401.9850999999999,35.0
0.36,Discard Highest Useless,Pile if Completes,238.84679500000001,Knock at 10,Completing the grid search on constant knock strategies.,0.0,100.0,1314.0,97.0,2020-06-29 18:15:37,194.5504,46.0
-0.36,Discard Highest Useless,Pile if Completes,238.84679500000001,Knock at 10,Completing the grid search on constant knock strategies.,1.0,100.0,1314.0,97.0,2020-06-29 18:15:37,194.5504,52.0
-1.63,Discard Highest Useless,Pile if Completes,224.326188,Knock at 10,Completing the grid search on constant knock strategies.,0.0,100.0,1314.0,98.0,2020-06-29 18:19:36,139.65310000000005,40.0
1.63,Discard Highest Useless,Pile if Completes,224.326188,Knock at 15,Completing the grid search on constant knock strategies.,1.0,100.0,1314.0,98.0,2020-06-29 18:19:36,139.65310000000005,57.0
-2.47,Discard Highest Useless,Pile if Completes,178.675448,Knock at 10,Completing the grid search on constant knock strategies.,0.0,100.0,1314.0,99.0,2020-06-29 18:23:20,179.80909999999997,40.0
2.47,Discard Highest Useless,Pile if Completes,178.675448,Knock at 20,Completing the grid search on constant knock strategies.,1.0,100.0,1314.0,99.0,2020-06-29 18:23:20,179.80909999999997,58.0
-3.61,Discard Highest Useless,Pile if Completes,154.349955,Knock at 10,Completing the grid search on constant knock strategies.,0.0,100.0,1314.0,100.0,2020-06-29 18:26:19,182.6979,38.0
3.61,Discard Highest Useless,Pile if Completes,154.349955,Knock at 25,Completing the grid search on constant knock strategies.,1.0,100.0,1314.0,100.0,2020-06-29 18:26:19,182.6979,59.0
-2.01,Discard Highest Useless,Pile if Completes,125.768527,Knock at 10,Completing the grid search on constant knock strategies.,0.0,100.0,1314.0,101.0,2020-06-29 18:28:53,199.6099,45.0
2.01,Discard Highest Useless,Pile if Completes,125.768527,Knock at 30,Completing the grid search on constant knock strategies.,1.0,100.0,1314.0,101.0,2020-06-29 18:28:53,199.6099,55.0
-0.83,Discard Highest Useless,Pile if Completes,110.832305,Knock at 10,Completing the grid search on constant knock strategies.,0.0,100.0,1314.0,102.0,2020-06-29 18:30:59,254.2811,49.0
0.83,Discard Highest Useless,Pile if Completes,110.832305,Knock at 35,Completing the grid search on constant knock strategies.,1.0,100.0,1314.0,102.0,2020-06-29 18:30:59,254.2811,51.0
-0.72,Discard Highest Useless,Pile if Completes,96.060735,Knock at 10,Completing the grid search on constant knock strategies.,0.0,100.0,1314.0,103.0,2020-06-29 18:32:50,259.06160000000006,47.0
0.72,Discard Highest Useless,Pile if Completes,96.060735,Knock at 40,Completing the grid search on constant knock strategies.,1.0,100.0,1314.0,103.0,2020-06-29 18:32:50,259.06160000000006,51.0
1.9,Discard Highest Useless,Pile if Completes,81.63559599999998,Knock at 10,Completing the grid search on constant knock strategies.,0.0,100.0,1314.0,104.0,2020-06-29 18:34:26,290.5300000000001,51.0
-1.9,Discard Highest Useless,Pile if Completes,81.63559599999998,Knock at 45,Completing the grid search on constant knock strategies.,1.0,100.0,1314.0,104.0,2020-06-29 18:34:26,290.5300000000001,47.0
2.9,Discard Highest Useless,Pile if Completes,70.259183,Knock at 10,Completing the grid search on constant knock strategies.,0.0,100.0,1314.0,105.0,2020-06-29 18:35:48,267.93000000000006,53.0
-2.9,Discard Highest Useless,Pile if Completes,70.259183,Knock at 50,Completing the grid search on constant knock strategies.,1.0,100.0,1314.0,105.0,2020-06-29 18:35:48,267.93000000000006,43.0
3.68,Discard Highest Useless,Pile if Completes,56.85341500000001,Knock at 10,Completing the grid search on constant knock strategies.,0.0,100.0,1314.0,106.0,2020-06-29 18:36:58,289.9176,54.0
-3.68,Discard Highest Useless,Pile if Completes,56.85341500000001,Knock at 55,Completing the grid search on constant knock strategies.,1.0,100.0,1314.0,106.0,2020-06-29 18:36:58,289.9176,43.0
5.43,Discard Highest Useless,Pile if Completes,45.407677,Knock at 10,Completing the grid search on constant knock strategies.,0.0,100.0,1314.0,107.0,2020-06-29 18:37:55,294.8651,61.0
-5.43,Discard Highest Useless,Pile if Completes,45.407677,Knock at 60,Completing the grid search on constant knock strategies.,1.0,100.0,1314.0,107.0,2020-06-29 18:37:55,294.8651,37.0
2.51,Discard Highest Useless,Pile if Completes,177.647199,Knock at 15,Completing the grid search on constant knock strategies.,0.0,100.0,1315.0,108.0,2020-06-29 18:38:40,270.5699000000001,54.0
-2.51,Discard Highest Useless,Pile if Completes,177.647199,Knock at 15,Completing the grid search on constant knock strategies.,1.0,100.0,1315.0,108.0,2020-06-29 18:38:40,270.5699000000001,43.0
1.08,Discard Highest Useless,Pile if Completes,158.716437,Knock at 15,Completing the grid search on constant knock strategies.,0.0,100.0,1315.0,109.0,2020-06-29 18:41:38,269.0936,49.0
-1.08,Discard Highest Useless,Pile if Completes,158.716437,Knock at 20,Completing the grid search on constant knock strategies.,1.0,100.0,1315.0,109.0,2020-06-29 18:41:38,269.0936,49.0
0.89,Discard Highest Useless,Pile if Completes,134.314387,Knock at 15,Completing the grid search on constant knock strategies.,0.0,100.0,1315.0,110.0,2020-06-29 18:44:17,322.9179000000001,53.0
-0.89,Discard Highest Useless,Pile if Completes,134.314387,Knock at 25,Completing the grid search on constant knock strategies.,1.0,100.0,1315.0,110.0,2020-06-29 18:44:17,322.9179000000001,44.0
1.29,Discard Highest Useless,Pile if Completes,113.209802,Knock at 15,Completing the grid search on constant knock strategies.,0.0,100.0,1315.0,111.0,2020-06-29 18:46:31,295.18589999999995,54.0
-1.29,Discard Highest Useless,Pile if Completes,113.209802,Knock at 30,Completing the grid search on constant knock strategies.,1.0,100.0,1315.0,111.0,2020-06-29 18:46:31,295.18589999999995,45.0
2.06,Discard Highest Useless,Pile if Completes,102.304073,Knock at 15,Completing the grid search on constant knock strategies.,0.0,100.0,1315.0,112.0,2020-06-29 18:48:24,294.73639999999995,60.0
-2.06,Discard Highest Useless,Pile if Completes,102.304073,Knock at 35,Completing the grid search on constant knock strategies.,1.0,100.0,1315.0,112.0,2020-06-29 18:48:24,294.73639999999995,40.0
2.89,Discard Highest Useless,Pile if Completes,83.289489,Knock at 15,Completing the grid search on constant knock strategies.,0.0,100.0,1315.0,113.0,2020-06-29 18:50:07,323.6579000000001,58.0
-2.89,Discard Highest Useless,Pile if Completes,83.289489,Knock at 40,Completing the grid search on constant knock strategies.,1.0,100.0,1315.0,113.0,2020-06-29 18:50:07,323.6579000000001,42.0
3.28,Discard Highest Useless,Pile if Completes,69.56287900000001,Knock at 15,Completing the grid search on constant knock strategies.,0.0,100.0,1315.0,114.0,2020-06-29 18:51:30,378.8016,56.0
-3.28,Discard Highest Useless,Pile if Completes,69.56287900000001,Knock at 45,Completing the grid search on constant knock strategies.,1.0,100.0,1315.0,114.0,2020-06-29 18:51:30,378.8016,42.0
4.19,Discard Highest Useless,Pile if Completes,60.432382,Knock at 15,Completing the grid search on constant knock strategies.,0.0,100.0,1315.0,115.0,2020-06-29 18:52:39,318.8539,59.0
-4.19,Discard Highest Useless,Pile if Completes,60.432382,Knock at 50,Completing the grid search on constant knock strategies.,1.0,100.0,1315.0,115.0,2020-06-29 18:52:39,318.8539,39.0
4.35,Discard Highest Useless,Pile if Completes,53.887337,Knock at 15,Completing the grid search on constant knock strategies.,0.0,100.0,1315.0,116.0,2020-06-29 18:53:40,387.5675,57.0
-4.35,Discard Highest Useless,Pile if Completes,53.887337,Knock at 55,Completing the grid search on constant knock strategies.,1.0,100.0,1315.0,116.0,2020-06-29 18:53:40,387.5675,41.0
5.14,Discard Highest Useless,Pile if Completes,43.415166,Knock at 15,Completing the grid search on constant knock strategies.,0.0,100.0,1315.0,117.0,2020-06-29 18:54:34,353.94039999999984,62.0
-5.14,Discard Highest Useless,Pile if Completes,43.415166,Knock at 60,Completing the grid search on constant knock strategies.,1.0,100.0,1315.0,117.0,2020-06-29 18:54:34,353.94039999999984,36.0
-0.79,Discard Highest Useless,Pile if Completes,144.234798,Knock at 20,Completing the grid search on constant knock strategies.,0.0,100.0,1316.0,118.0,2020-06-29 18:55:17,232.0259,42.0
0.79,Discard Highest Useless,Pile if Completes,144.234798,Knock at 20,Completing the grid search on constant knock strategies.,1.0,100.0,1316.0,118.0,2020-06-29 18:55:17,232.0259,53.0
-1.5,Discard Highest Useless,Pile if Completes,126.163491,Knock at 20,Completing the grid search on constant knock strategies.,0.0,100.0,1316.0,119.0,2020-06-29 18:57:41,258.31,45.0
1.5,Discard Highest Useless,Pile if Completes,126.163491,Knock at 25,Completing the grid search on constant knock strategies.,1.0,100.0,1316.0,119.0,2020-06-29 18:57:41,258.31,51.0
0.68,Discard Highest Useless,Pile if Completes,110.20916,Knock at 20,Completing the grid search on constant knock strategies.,0.0,100.0,1316.0,120.0,2020-06-29 18:59:48,284.8576,50.0
-0.68,Discard Highest Useless,Pile if Completes,110.20916,Knock at 30,Completing the grid search on constant knock strategies.,1.0,100.0,1316.0,120.0,2020-06-29 18:59:48,284.8576,47.0
0.55,Discard Highest Useless,Pile if Completes,101.367073,Knock at 20,Completing the grid search on constant knock strategies.,0.0,100.0,1316.0,121.0,2020-06-29 19:01:38,266.44750000000005,48.0
-0.55,Discard Highest Useless,Pile if Completes,101.367073,Knock at 35,Completing the grid search on constant knock strategies.,1.0,100.0,1316.0,121.0,2020-06-29 19:01:38,266.44750000000005,48.0
0.77,Discard Highest Useless,Pile if Completes,86.170047,Knock at 20,Completing the grid search on constant knock strategies.,0.0,100.0,1316.0,122.0,2020-06-29 19:03:19,265.4570999999999,53.0
-0.77,Discard Highest Useless,Pile if Completes,86.170047,Knock at 40,Completing the grid search on constant knock strategies.,1.0,100.0,1316.0,122.0,2020-06-29 19:03:19,265.4570999999999,43.0
0.03,Discard Highest Useless,Pile if Completes,68.41094,Knock at 20,Completing the grid search on constant knock strategies.,0.0,100.0,1316.0,123.0,2020-06-29 19:04:45,245.7091,48.0
-0.03,Discard Highest Useless,Pile if Completes,68.41094,Knock at 45,Completing the grid search on constant knock strategies.,1.0,100.0,1316.0,123.0,2020-06-29 19:04:45,245.7091,49.0
4.72,Discard Highest Useless,Pile if Completes,60.208018,Knock at 20,Completing the grid search on constant knock strategies.,0.0,100.0,1316.0,124.0,2020-06-29 19:05:54,269.82160000000005,57.0
-4.72,Discard Highest Useless,Pile if Completes,60.208018,Knock at 50,Completing the grid search on constant knock strategies.,1.0,100.0,1316.0,124.0,2020-06-29 19:05:54,269.82160000000005,40.0
5.45,Discard Highest Useless,Pile if Completes,46.093687,Knock at 20,Completing the grid search on constant knock strategies.,0.0,100.0,1316.0,125.0,2020-06-29 19:06:54,293.7675,57.0
-5.45,Discard Highest Useless,Pile if Completes,46.093687,Knock at 55,Completing the grid search on constant knock strategies.,1.0,100.0,1316.0,125.0,2020-06-29 19:06:54,293.7675,39.0
6.2,Discard Highest Useless,Pile if Completes,35.133338,Knock at 20,Completing the grid search on constant knock strategies.,0.0,100.0,1316.0,126.0,2020-06-29 19:07:40,277.0799999999999,59.0
-6.2,Discard Highest Useless,Pile if Completes,35.133338,Knock at 60,Completing the grid search on constant knock strategies.,1.0,100.0,1316.0,126.0,2020-06-29 19:07:40,277.0799999999999,37.0
1.66,Discard Highest Useless,Pile if Completes,121.607114,Knock at 25,Completing the grid search on constant knock strategies.,0.0,100.0,1317.0,127.0,2020-06-29 19:08:15,190.32440000000003,50.0
-1.66,Discard Highest Useless,Pile if Completes,121.607114,Knock at 25,Completing the grid search on constant knock strategies.,1.0,100.0,1317.0,127.0,2020-06-29 19:08:15,190.32440000000003,50.0
-0.35,Discard Highest Useless,Pile if Completes,104.685138,Knock at 25,Completing the grid search on constant knock strategies.,0.0,100.0,1317.0,128.0,2020-06-29 19:10:17,243.6475,51.0
0.35,Discard Highest Useless,Pile if Completes,104.685138,Knock at 30,Completing the grid search on constant knock strategies.,1.0,100.0,1317.0,128.0,2020-06-29 19:10:17,243.6475,46.0
-0.26,Discard Highest Useless,Pile if Completes,88.11188100000004,Knock at 25,Completing the grid search on constant knock strategies.,0.0,100.0,1317.0,129.0,2020-06-29 19:12:02,260.9524,48.0
0.26,Discard Highest Useless,Pile if Completes,88.11188100000004,Knock at 35,Completing the grid search on constant knock strategies.,1.0,100.0,1317.0,129.0,2020-06-29 19:12:02,260.9524,52.0
-2.58,Discard Highest Useless,Pile if Completes,74.471522,Knock at 25,Completing the grid search on constant knock strategies.,0.0,100.0,1317.0,130.0,2020-06-29 19:13:30,275.9236,43.0
2.58,Discard Highest Useless,Pile if Completes,74.471522,Knock at 40,Completing the grid search on constant knock strategies.,1.0,100.0,1317.0,130.0,2020-06-29 19:13:30,275.9236,55.0
-1.16,Discard Highest Useless,Pile if Completes,63.50183199999999,Knock at 25,Completing the grid search on constant knock strategies.,0.0,100.0,1317.0,131.0,2020-06-29 19:14:44,289.0743999999999,45.0
1.16,Discard Highest Useless,Pile if Completes,63.50183199999999,Knock at 45,Completing the grid search on constant knock strategies.,1.0,100.0,1317.0,131.0,2020-06-29 19:14:44,289.0743999999999,53.0
0.58,Discard Highest Useless,Pile if Completes,53.299491,Knock at 25,Completing the grid search on constant knock strategies.,0.0,100.0,1317.0,132.0,2020-06-29 19:15:48,331.7036,49.0
-0.58,Discard Highest Useless,Pile if Completes,53.299491,Knock at 50,Completing the grid search on constant knock strategies.,1.0,100.0,1317.0,132.0,2020-06-29 19:15:48,331.7036,50.0
1.88,Discard Highest Useless,Pile if Completes,44.419041,Knock at 25,Completing the grid search on constant knock strategies.,0.0,100.0,1317.0,133.0,2020-06-29 19:16:41,338.2656000000001,50.0
-1.88,Discard Highest Useless,Pile if Completes,44.419041,Knock at 55,Completing the grid search on constant knock strategies.,1.0,100.0,1317.0,133.0,2020-06-29 19:16:41,338.2656000000001,49.0
2.6,Discard Highest Useless,Pile if Completes,38.732103,Knock at 25,Completing the grid search on constant knock strategies.,0.0,100.0,1317.0,134.0,2020-06-29 19:17:25,368.32000000000005,50.0
-2.6,Discard Highest Useless,Pile if Completes,38.732103,Knock at 60,Completing the grid search on constant knock strategies.,1.0,100.0,1317.0,134.0,2020-06-29 19:17:25,368.32000000000005,49.0
-0.18,Discard Highest Useless,Pile if Completes,94.169178,Knock at 30,Completing the grid search on constant knock strategies.,0.0,100.0,1318.0,135.0,2020-06-29 19:18:04,213.4476,47.0
0.18,Discard Highest Useless,Pile if Completes,94.169178,Knock at 30,Completing the grid search on constant knock strategies.,1.0,100.0,1318.0,135.0,2020-06-29 19:18:04,213.4476,52.0
-0.52,Discard Highest Useless,Pile if Completes,81.40557700000002,Knock at 30,Completing the grid search on constant knock strategies.,0.0,100.0,1318.0,136.0,2020-06-29 19:19:38,285.84960000000007,47.0
0.52,Discard Highest Useless,Pile if Completes,81.40557700000002,Knock at 35,Completing the grid search on constant knock strategies.,1.0,100.0,1318.0,136.0,2020-06-29 19:19:38,285.84960000000007,51.0
-0.21,Discard Highest Useless,Pile if Completes,74.521798,Knock at 30,Completing the grid search on constant knock strategies.,0.0,100.0,1318.0,137.0,2020-06-29 19:21:00,277.2259,52.0
0.21,Discard Highest Useless,Pile if Completes,74.521798,Knock at 40,Completing the grid search on constant knock strategies.,1.0,100.0,1318.0,137.0,2020-06-29 19:21:00,277.2259,45.0
2.13,Discard Highest Useless,Pile if Completes,62.396777,Knock at 30,Completing the grid search on constant knock strategies.,0.0,100.0,1318.0,138.0,2020-06-29 19:22:14,300.13310000000007,57.0
-2.13,Discard Highest Useless,Pile if Completes,62.396777,Knock at 45,Completing the grid search on constant knock strategies.,1.0,100.0,1318.0,138.0,2020-06-29 19:22:14,300.13310000000007,42.0
2.54,Discard Highest Useless,Pile if Completes,51.354440999999994,Knock at 30,Completing the grid search on constant knock strategies.,0.0,100.0,1318.0,139.0,2020-06-29 19:23:17,285.1084,58.0
-2.54,Discard Highest Useless,Pile if Completes,51.354440999999994,Knock at 50,Completing the grid search on constant knock strategies.,1.0,100.0,1318.0,139.0,2020-06-29 19:23:17,285.1084,41.0
3.43,Discard Highest Useless,Pile if Completes,44.273025,Knock at 30,Completing the grid search on constant knock strategies.,0.0,100.0,1318.0,140.0,2020-06-29 19:24:08,300.80509999999987,60.0
-3.43,Discard Highest Useless,Pile if Completes,44.273025,Knock at 55,Completing the grid search on constant knock strategies.,1.0,100.0,1318.0,140.0,2020-06-29 19:24:08,300.80509999999987,40.0
4.54,Discard Highest Useless,Pile if Completes,38.041653000000004,Knock at 30,Completing the grid search on constant knock strategies.,0.0,100.0,1318.0,141.0,2020-06-29 19:24:52,326.04840000000013,58.0
-4.54,Discard Highest Useless,Pile if Completes,38.041653000000004,Knock at 60,Completing the grid search on constant knock strategies.,1.0,100.0,1318.0,141.0,2020-06-29 19:24:52,326.04840000000013,42.0
-1.1,Discard Highest Useless,Pile if Completes,76.273409,Knock at 35,Completing the grid search on constant knock strategies.,0.0,100.0,1319.0,142.0,2020-06-29 19:25:30,274.59000000000003,50.0
1.1,Discard Highest Useless,Pile if Completes,76.273409,Knock at 35,Completing the grid search on constant knock strategies.,1.0,100.0,1319.0,142.0,2020-06-29 19:25:30,274.59000000000003,48.0
-1.7,Discard Highest Useless,Pile if Completes,67.49144799999999,Knock at 35,Completing the grid search on constant knock strategies.,0.0,100.0,1319.0,143.0,2020-06-29 19:26:47,234.89,48.0
1.7,Discard Highest Useless,Pile if Completes,67.49144799999999,Knock at 40,Completing the grid search on constant knock strategies.,1.0,100.0,1319.0,143.0,2020-06-29 19:26:47,234.89,51.0
-0.32,Discard Highest Useless,Pile if Completes,59.513589,Knock at 35,Completing the grid search on constant knock strategies.,0.0,100.0,1319.0,144.0,2020-06-29 19:27:54,260.1376,50.0
0.32,Discard Highest Useless,Pile if Completes,59.513589,Knock at 45,Completing the grid search on constant knock strategies.,1.0,100.0,1319.0,144.0,2020-06-29 19:27:54,260.1376,47.0
1.89,Discard Highest Useless,Pile if Completes,52.182502,Knock at 35,Completing the grid search on constant knock strategies.,0.0,100.0,1319.0,145.0,2020-06-29 19:28:54,290.0179,57.0
-1.89,Discard Highest Useless,Pile if Completes,52.182502,Knock at 50,Completing the grid search on constant knock strategies.,1.0,100.0,1319.0,145.0,2020-06-29 19:28:54,290.0179,41.0
3.36,Discard Highest Useless,Pile if Completes,48.038258,Knock at 35,Completing the grid search on constant knock strategies.,0.0,100.0,1319.0,146.0,2020-06-29 19:29:46,304.2304000000001,58.0
-3.36,Discard Highest Useless,Pile if Completes,48.038258,Knock at 55,Completing the grid search on constant knock strategies.,1.0,100.0,1319.0,146.0,2020-06-29 19:29:46,304.2304000000001,39.0
4.29,Discard Highest Useless,Pile if Completes,40.397219,Knock at 35,Completing the grid search on constant knock strategies.,0.0,100.0,1319.0,147.0,2020-06-29 19:30:34,308.7659,59.0
-4.29,Discard Highest Useless,Pile if Completes,40.397219,Knock at 60,Completing the grid search on constant knock strategies.,1.0,100.0,1319.0,147.0,2020-06-29 19:30:34,308.7659,37.0
0.3,Discard Highest Useless,Pile if Completes,58.520561,Knock at 40,Completing the grid search on constant knock strategies.,0.0,100.0,1320.0,148.0,2020-06-29 19:31:14,293.67,46.0
-0.3,Discard Highest Useless,Pile if Completes,58.520561,Knock at 40,Completing the grid search on constant knock strategies.,1.0,100.0,1320.0,148.0,2020-06-29 19:31:14,293.67,52.0
0.09,Discard Highest Useless,Pile if Completes,52.930038,Knock at 40,Completing the grid search on constant knock strategies.,0.0,100.0,1320.0,149.0,2020-06-29 19:32:13,304.36190000000005,46.0
-0.09,Discard Highest Useless,Pile if Completes,52.930038,Knock at 45,Completing the grid search on constant knock strategies.,1.0,100.0,1320.0,149.0,2020-06-29 19:32:13,304.36190000000005,50.0
2.93,Discard Highest Useless,Pile if Completes,49.654336,Knock at 40,Completing the grid search on constant knock strategies.,0.0,100.0,1320.0,150.0,2020-06-29 19:33:06,288.42509999999993,57.0
-2.93,Discard Highest Useless,Pile if Completes,49.654336,Knock at 50,Completing the grid search on constant knock strategies.,1.0,100.0,1320.0,150.0,2020-06-29 19:33:06,288.42509999999993,39.0
2.25,Discard Highest Useless,Pile if Completes,42.600682,Knock at 40,Completing the grid search on constant knock strategies.,0.0,100.0,1320.0,151.0,2020-06-29 19:33:56,292.6475,56.0
-2.25,Discard Highest Useless,Pile if Completes,42.600682,Knock at 55,Completing the grid search on constant knock strategies.,1.0,100.0,1320.0,151.0,2020-06-29 19:33:56,292.6475,43.0
6.88,Discard Highest Useless,Pile if Completes,35.386601,Knock at 40,Completing the grid search on constant knock strategies.,0.0,100.0,1320.0,152.0,2020-06-29 19:34:38,246.92560000000003,63.0
-6.88,Discard Highest Useless,Pile if Completes,35.386601,Knock at 60,Completing the grid search on constant knock strategies.,1.0,100.0,1320.0,152.0,2020-06-29 19:34:38,246.92560000000003,32.0
-0.44,Discard Highest Useless,Pile if Completes,47.31583,Knock at 45,Completing the grid search on constant knock strategies.,0.0,100.0,1321.0,153.0,2020-06-29 19:35:14,194.8064,45.0
0.44,Discard Highest Useless,Pile if Completes,47.31583,Knock at 45,Completing the grid search on constant knock strategies.,1.0,100.0,1321.0,153.0,2020-06-29 19:35:14,194.8064,52.0
0.12,Discard Highest Useless,Pile if Completes,43.020154,Knock at 45,Completing the grid search on constant knock strategies.,0.0,100.0,1321.0,154.0,2020-06-29 19:36:01,216.0656,49.0
-0.12,Discard Highest Useless,Pile if Completes,43.020154,Knock at 50,Completing the grid search on constant knock strategies.,1.0,100.0,1321.0,154.0,2020-06-29 19:36:01,216.0656,49.0
1.3,Discard Highest Useless,Pile if Completes,38.215154,Knock at 45,Completing the grid search on constant knock strategies.,0.0,100.0,1321.0,155.0,2020-06-29 19:36:44,216.47000000000003,52.0
-1.3,Discard Highest Useless,Pile if Completes,38.215154,Knock at 55,Completing the grid search on constant knock strategies.,1.0,100.0,1321.0,155.0,2020-06-29 19:36:44,216.47000000000003,47.0
2.38,Discard Highest Useless,Pile if Completes,34.803557,Knock at 45,Completing the grid search on constant knock strategies.,0.0,100.0,1321.0,156.0,2020-06-29 19:37:22,229.27560000000003,56.0
-2.38,Discard Highest Useless,Pile if Completes,34.803557,Knock at 60,Completing the grid search on constant knock strategies.,1.0,100.0,1321.0,156.0,2020-06-29 19:37:22,229.27560000000003,44.0
-1.56,Discard Highest Useless,Pile if Completes,40.767198,Knock at 50,Completing the grid search on constant knock strategies.,0.0,100.0,1322.0,157.0,2020-06-29 19:37:57,236.6264,43.0
1.56,Discard Highest Useless,Pile if Completes,40.767198,Knock at 50,Completing the grid search on constant knock strategies.,1.0,100.0,1322.0,157.0,2020-06-29 19:37:57,236.6264,55.0
-1.32,Discard Highest Useless,Pile if Completes,34.57728400000001,Knock at 50,Completing the grid search on constant knock strategies.,0.0,100.0,1322.0,158.0,2020-06-29 19:38:38,199.91760000000005,45.0
1.32,Discard Highest Useless,Pile if Completes,34.57728400000001,Knock at 55,Completing the grid search on constant knock strategies.,1.0,100.0,1322.0,158.0,2020-06-29 19:38:38,199.91760000000005,53.0
0.12,Discard Highest Useless,Pile if Completes,30.697553999999997,Knock at 50,Completing the grid search on constant knock strategies.,0.0,100.0,1322.0,159.0,2020-06-29 19:39:12,215.18560000000005,46.0
-0.12,Discard Highest Useless,Pile if Completes,30.697553999999997,Knock at 60,Completing the grid search on constant knock strategies.,1.0,100.0,1322.0,159.0,2020-06-29 19:39:12,215.18560000000005,52.0
-0.43,Discard Highest Useless,Pile if Completes,32.738329,Knock at 55,Completing the grid search on constant knock strategies.,0.0,100.0,1323.0,160.0,2020-06-29 19:39:43,258.9451,49.0
0.43,Discard Highest Useless,Pile if Completes,32.738329,Knock at 55,Completing the grid search on constant knock strategies.,1.0,100.0,1323.0,160.0,2020-06-29 19:39:43,258.9451,49.0
2.05,Discard Highest Useless,Pile if Completes,31.083038000000002,Knock at 55,Completing the grid search on constant knock strategies.,0.0,100.0,1323.0,161.0,2020-06-29 19:40:16,275.2875,54.0
-2.05,Discard Highest Useless,Pile if Completes,31.083038000000002,Knock at 60,Completing the grid search on constant knock strategies.,1.0,100.0,1323.0,161.0,2020-06-29 19:40:16,275.2875,44.0
1.11,Discard Highest Useless,Pile if Completes,28.666807,Knock at 60,Completing the grid search on constant knock strategies.,0.0,100.0,1324.0,162.0,2020-06-29 19:40:47,298.6779,46.0
-1.11,Discard Highest Useless,Pile if Completes,28.666807,Knock at 60,Completing the grid search on constant knock strategies.,1.0,100.0,1324.0,162.0,2020-06-29 19:40:47,298.6779,48.0
